Job Title,Company,Experience,Salary,Location,Job URLFront Office Executive,LaunchX Venture Pvt. Ltd.,,"20 K -
28 K/Month",In Office | Pune,https://unstop.com/jobs/front-office-executive-launchx-venture-pvt-ltd-1636377Software Engineer,AIHireCare,,"60 K -
1.2 LPA",Remote,https://unstop.com/jobs/software-engineer-aihirecare-1636362Field Sales Executive,Data Peace AI Technologies Pvt. Ltd.,,20 K/Month,On Field | Delhi,https://unstop.com/jobs/field-sales-executive-data-peace-ai-technologies-pvt-ltd-1636375UI/UX Designer,Velnir,,,"In Office | Pune, Indore",https://unstop.com/jobs/uiux-designer-velnir-1636351Telesales Associate,StockEdge,,,In Office | Kolkata,https://unstop.com/jobs/telesales-associate-stockedge-1636319AI Engineer - Voice Agents,Vikara AI,,,Remote,https://unstop.com/jobs/ai-engineer-voice-agents-vikara-ai-1636305Document Controller,Sugs Lloyd Pvt. Ltd.,,,In Office | Noida,https://unstop.com/jobs/document-controller-sugs-lloyd-pvt-ltd-1636297Content Creator,Shag Infotech Pvt. Ltd.,,"2.4 L -
3.4 LPA",In Office | Jaipur,https://unstop.com/jobs/content-creator-shag-infotech-pvt-ltd-1636303Business Development Executive,Numero Web Services Private Limited,,"20 K -
35 K/Month","In Office | West Delhi, Delhi, Central Delhi, South West Delhi",https://unstop.com/jobs/business-development-executive-numero-web-services-private-limited-1636290Founding Engineer - Flutter,Kovon,,"2.4 L -
3.6 LPA",In Office | Bengaluru,https://unstop.com/jobs/founding-engineer-flutter-kovon-1636293Accounts Executive,Acumac Machine Tools Pvt. Ltd.,,25 K/Month,In Office | Bengaluru,https://unstop.com/jobs/accounts-executive-acumac-machine-tools-pvt-ltd-1636292Process Associate Ð Title Search (US Mortgage),acecreativess,,,In Office | Coimbatore,https://unstop.com/jobs/process-associate-title-search-us-mortgage-acecreativess-1636285Telecaller Executive,Ron Global Technologies Pvt. Ltd.,,,In Office | Kolkata,https://unstop.com/jobs/telecaller-executive-ron-global-technologies-pvt-ltd-1636259Customer Support Executive,IEnergizer Limited,,,In Office | Noida,https://unstop.com/jobs/customer-support-executive-ienergizer-limited-1636278Talent Acquisition Executive,Aazron Global Solutions,,"3 L -
4.2 LPA",In Office | Bengaluru,https://unstop.com/jobs/talent-acquisition-executive-aazron-global-solutions-1636059Junior Full Stack Developer,CIEL HR Services,,"4.8 L -
5 LPA",In Office | Kolkata,https://unstop.com/jobs/junior-full-stack-developer-ciel-hr-services-1636056AI Engineer Ð Agentic Systems,Vikara AI,,"25 L -
30 LPA",Remote,https://unstop.com/jobs/ai-engineer-agentic-systems-vikara-ai-1636042Back Office Executive,Eve11 Consultants,,"2.4 L -
3 LPA",In Office | Indore,https://unstop.com/jobs/back-office-executive-eve11-consultants-1636043Front Office Executive,LaunchX Venture Pvt. Ltd.,,"20 K -
28 K/Month",In Office | Pune,https://unstop.com/jobs/front-office-executive-launchx-venture-pvt-ltd-1636377Software Engineer,AIHireCare,,"60 K -
1.2 LPA",Remote,https://unstop.com/jobs/software-engineer-aihirecare-1636362Field Sales Executive,Data Peace AI Technologies Pvt. Ltd.,,20 K/Month,On Field | Delhi,https://unstop.com/jobs/field-sales-executive-data-peace-ai-technologies-pvt-ltd-1636375UI/UX Designer,Velnir,,,"In Office | Pune, Indore",https://unstop.com/jobs/uiux-designer-velnir-1636351Telesales Associate,StockEdge,,,In Office | Kolkata,https://unstop.com/jobs/telesales-associate-stockedge-1636319AI Engineer - Voice Agents,Vikara AI,,,Remote,https://unstop.com/jobs/ai-engineer-voice-agents-vikara-ai-1636305Document Controller,Sugs Lloyd Pvt. Ltd.,,,In Office | Noida,https://unstop.com/jobs/document-controller-sugs-lloyd-pvt-ltd-1636297Content Creator,Shag Infotech Pvt. Ltd.,,"2.4 L -
3.4 LPA",In Office | Jaipur,https://unstop.com/jobs/content-creator-shag-infotech-pvt-ltd-1636303Business Development Executive,Numero Web Services Private Limited,,"20 K -
35 K/Month","In Office | West Delhi, Delhi, Central Delhi, South West Delhi",https://unstop.com/jobs/business-development-executive-numero-web-services-private-limited-1636290Founding Engineer - Flutter,Kovon,,"2.4 L -
3.6 LPA",In Office | Bengaluru,https://unstop.com/jobs/founding-engineer-flutter-kovon-1636293Accounts Executive,Acumac Machine Tools Pvt. Ltd.,,25 K/Month,In Office | Bengaluru,https://unstop.com/jobs/accounts-executive-acumac-machine-tools-pvt-ltd-1636292Process Associate Ð Title Search (US Mortgage),acecreativess,,,In Office | Coimbatore,https://unstop.com/jobs/process-associate-title-search-us-mortgage-acecreativess-1636285Telecaller Executive,Ron Global Technologies Pvt. Ltd.,,,In Office | Kolkata,https://unstop.com/jobs/telecaller-executive-ron-global-technologies-pvt-ltd-1636259Customer Support Executive,IEnergizer Limited,,,In Office | Noida,https://unstop.com/jobs/customer-support-executive-ienergizer-limited-1636278Talent Acquisition Executive,Aazron Global Solutions,,"3 L -
4.2 LPA",In Office | Bengaluru,https://unstop.com/jobs/talent-acquisition-executive-aazron-global-solutions-1636059Junior Full Stack Developer,CIEL HR Services,,"4.8 L -
5 LPA",In Office | Kolkata,https://unstop.com/jobs/junior-full-stack-developer-ciel-hr-services-1636056AI Engineer Ð Agentic Systems,Vikara AI,,"25 L -
30 LPA",Remote,https://unstop.com/jobs/ai-engineer-agentic-systems-vikara-ai-1636042Back Office Executive,Eve11 Consultants,,"2.4 L -
3 LPA",In Office | Indore,https://unstop.com/jobs/back-office-executive-eve11-consultants-1636043Marketing Manager,Suparsh Recruitment,,,In Office | Barpeta,https://unstop.com/jobs/marketing-manager-suparsh-recruitment-1636035Sales Operations / Enablement Associate,Mactores Cognition Pvt. Ltd.,,"2.4 L -
3 LPA",Remote,https://unstop.com/jobs/sales-operations-enablement-associate-mactores-cognition-pvt-ltd-1636031Digital Marketing Executive,AM5 Royal,,"2.4 L -
3 LPA",In Office | Uppal Kalan,https://unstop.com/jobs/digital-marketing-executive-am5-royal-1636014Video Editor & Content Specialist,Laxmaya Technologies Pvt. Ltd.,,,In Office | Jaipur,https://unstop.com/jobs/video-editor-content-specialist-laxmaya-technologies-pvt-ltd-1636013IT Recruiter,Amwhiz Media Pvt. Ltd.,,,In Office | Chennai,https://unstop.com/jobs/it-recruiter-amwhiz-media-pvt-ltd-1636008Area Sales Manager,Yogic Software,,"3.6 L -
4.2 LPA",On Field | Uttar Pradesh,https://unstop.com/jobs/area-sales-manager-yogic-software-1635961Billing Engineer,SH Associates India Pvt. Ltd.,,,On Field | New Delhi,https://unstop.com/jobs/billing-engineer-sh-associates-india-pvt-ltd-1635960VKYC Specialist,Pay10 Services Pvt. Ltd.,,,In Office | Noida,https://unstop.com/jobs/vkyc-specialist-pay10-services-pvt-ltd-1635816Video Editor,Tamada Media Pvt. Ltd.,,"3 L -
6 LPA",In Office | Hyderabad,https://unstop.com/jobs/video-editor-tamada-media-pvt-ltd-1635948Data Entry Associate,BNR Infrastructure Projects Pvt Ltd,,,In Office | Chennai,https://unstop.com/jobs/data-entry-associate-bnr-infrastructure-projects-pvt-ltd-1635418Procurement Buyer,Digitide Solutions Limited,,"3 L -
3.6 LPA",In Office | Chennai,https://unstop.com/jobs/procurement-buyer-digitide-solutions-limited-1635933Pre Sales Engineer,Protech Systems,,20 K/Month,In Office | Indore,https://unstop.com/jobs/pre-sales-engineer-protech-systems-1635805Business Development Manager Ð IT & AI Services,Neuramach.AI,,,Hybrid | Pune,https://unstop.com/jobs/business-development-manager-it-ai-services-neuramachai-1635879Field Sales Executive,Grando Solar Energy,,"20 K -
35 K/Month",On Field | Surat,https://unstop.com/jobs/field-sales-executive-grando-solar-energy-1635939Odoo Techno Functional Consultant,PySquad Informatics LLP,,,In Office | Ahmedabad,https://unstop.com/jobs/odoo-techno-functional-consultant-pysquad-informatics-llp-1635917Field Sales Executive,WorkIndia,,30 K/Month,On Field | Bangalore Urban,https://unstop.com/jobs/field-sales-executive-workindia-1635883Sales Executive Ð IT Hardware & Networking,Prism Electronics and Telecommunication,,,"In Office | Byculla, Mumbai",https://unstop.com/jobs/sales-executive-it-hardware-networking-prism-electronics-and-telecommunication-1635871Customer Service Associate,Onpoint Logistics India Pvt. Ltd.,,"20 K -
25 K/Month",In Office | South Delhi,https://unstop.com/jobs/customer-service-associate-onpoint-logistics-india-pvt-ltd-1635892Growth Marketing Associate,Cadfin Tech Private Limited,,"25 K -
30 K/Month",In Office | Noida,https://unstop.com/jobs/growth-marketing-associate-cadfin-tech-private-limited-1635895Field Sales Executive,Paytm Service,,"20 K -
27 K/Month",On Field | Hyderabad,https://unstop.com/jobs/field-sales-executive-paytm-service-1635875Business Development Manager,Social Sanki,,,In Office | Delhi,https://unstop.com/jobs/business-development-manager-social-sanki-1635877Business Development and Marketing Internship,Tripple One Solutions,,"21 K -
25 K/Month",Remote,https://unstop.com/jobs/business-development-and-marketing-internship-tripple-one-solutions-1635800Head of Human Resources,Nishkarsh IT Solution Private Limited,,"20 K -
30 K/Month",In Office | Noida,https://unstop.com/jobs/head-of-human-resources-nishkarsh-it-solution-private-limited-1635838Digital Marketing Executive,Human Asset Consultancy,,,In Office | Thane,https://unstop.com/jobs/digital-marketing-executive-human-asset-consultancy-1635857Property Sourcing and Onboarding Executive,Ribitto Pvt Ltd,,,In Office | Hyderabad,https://unstop.com/jobs/property-sourcing-and-onboarding-executive-ribitto-pvt-ltd-1635758Solar Site Engineer,Sugs Lloyd Pvt. Ltd,,"20 K -
30 K/Month",On Field | Punjab,https://unstop.com/jobs/solar-site-engineer-sugs-lloyd-pvt-ltd-1635699Junior SEO Content Writer,BolsterBiz India LLP,,,In Office | Delhi,https://unstop.com/jobs/junior-seo-content-writer-bolsterbiz-india-llp-1635828Senior Product Analyst,Nilasu consulting services,,,Hybrid | Bangalore Urban,https://unstop.com/jobs/senior-product-analyst-nilasu-consulting-services-1635734Branch Coordinator,INSUREMILE INSURANCE WEB AGGREGATOR PRIVATE LIMITED,,,In Office | Bengaluru,https://unstop.com/jobs/branch-coordinator-insuremile-insurance-web-aggregator-private-limited-1635761Content Creation Executive,Nezler Technologies LLP,,"3 L -
4.8 LPA",In Office | Bhubaneswar,https://unstop.com/jobs/content-creation-executive-nezler-technologies-llp-1635756Sales Representative,Amwhiz Media Pvt. Ltd.,,2.64 LPA,On Field | Chennai,https://unstop.com/jobs/sales-representative-amwhiz-media-pvt-ltd-1635754Tender Executive,M/S Star Publicity,,"2.4 L -
3 LPA",In Office | Ludhiana,https://unstop.com/jobs/tender-executive-ms-star-publicity-1635750Telesales Associate,Flagstaff Global Travel Limited,,"2.4 L -
3 LPA",In Office | Kolkata,https://unstop.com/jobs/telesales-associate-flagstaff-global-travel-limited-1635752HR Generalist,Flagstaff Global Travel Limited,,,In Office | Kolkata,https://unstop.com/jobs/hr-generalist-flagstaff-global-travel-limited-1635742Technician Assistant,Avza tech,,,In Office | Tambaram,https://unstop.com/jobs/technician-assistant-avza-tech-1635743IT Recruiter,FutureSoft India,,"2.5 L -
5 LPA",Hybrid | Delhi,https://unstop.com/jobs/it-recruiter-futuresoft-india-1635733Procurement / Purchase Manager,VRHR associates,,4.2 LPA,In Office | Mumbai,https://unstop.com/jobs/procurement-purchase-manager-vrhr-associates-1635732Sales Executive,The HumansMind,,"8.4 L -
9 LPA",In Office | Gurgaon,https://unstop.com/jobs/sales-executive-the-humansmind-1635728Education Counselor,IMTS INSTITUTE OF MANAGEMENT AND TECHNOLOGY STUDIES,,"2.4 L -
3.5 LPA",In Office | Noida,https://unstop.com/jobs/education-counselor-imts-institute-of-management-and-technology-studies-1635711Area Sales Manager (B2B),Loom crafts pvt ltd,,,"Hybrid | Chennai, Cochin, Kolkata",https://unstop.com/jobs/area-sales-manager-b2b-loom-crafts-pvt-ltd-1635727Head - Digital Marketing,RICHHARBOR LLP,,2.4 LPA,Remote,https://unstop.com/jobs/head-digital-marketing-richharbor-llp-1635703Senior Executive - Human Resources,TIGI HR Solutions,,"30 K -
40 K/Month",In Office | Ahmedabad,https://unstop.com/jobs/senior-human-resources-executive-tigi-hr-solutions-1635694Sales Development Representative,Videosdk,,11 LPA,In Office | Surat,https://unstop.com/jobs/sales-development-representative-videosdk-1635684Business Development Executive,Bloghunch,,3 LPA,In Office | Kolkata,https://unstop.com/jobs/business-development-executive-bloghunch-1635693Branch Sales Executive,Navkar Business Services,,"3 L -
3.5 LPA",In Office | Mumbai,https://unstop.com/jobs/branch-sales-executive-navkar-business-services-1635686Field Sales Executive,Royal Safe Company,,2.4 LPA,Remote,https://unstop.com/jobs/field-sales-executive-royal-safe-company-1635681Field Sales Executive,USAM Company Ltd,,,On Field | Chennai,https://unstop.com/jobs/field-sales-executive-usam-company-ltd-1635651Accounts & Documentation Executive,Matrix Exports,,"20 K -
30 K/Month",In Office | Bangalore Urban,https://unstop.com/jobs/accounts-documentation-executive-matrix-exports-1635653Customer Success Associate,MAS Marketing,,2.4 LPA,Hybrid | Mumbai,https://unstop.com/jobs/customer-success-associate-mas-marketing-1635646Data Entry / MIS Associate,HGS,,"2.4 L -
2.64 LPA",In Office | Hyderabad,https://unstop.com/jobs/data-entry-mis-associate-hgs-1635647Insurance Sales / BD Manager,Sunil K Khanna and Company,,,In Office | South Delhi,https://unstop.com/jobs/insurance-sales-bd-manager-sunil-k-khanna-and-company-1635640Business Development Executive,Bizfoc,,2.4 LPA,In Office | New Delhi,https://unstop.com/jobs/business-development-executive-bizfoc-1635632Graphic Designer & Video Editor,Huex,,"25 K -
35 K/Month",Remote | Pan India,https://unstop.com/jobs/graphic-designer-huex-1635611Full Stack Developer,Clarity2Cloud Technology Private Limited,,"2.4 L -
3.6 LPA",In Office | Noida,https://unstop.com/jobs/full-stack-developer-clarity2cloud-technology-private-limited-1635605Business Development Associate,Bleep Education,,,Remote,https://unstop.com/jobs/business-development-associate-bleep-education-1635557eCommerce Manager,Go For It Communications,,"3 L -
6 LPA","In Office | Mumbai, Thane",https://unstop.com/jobs/ecommerce-manager-go-for-it-communications-1635553Graphic Designer,CollegeWollege,,"2.5 L -
5 LPA",In Office | Greater Noida,https://unstop.com/jobs/graphic-designer-collegewollege-1635541Ads Specialist,7th growth,,"3 L -
4.2 LPA",Remote,https://unstop.com/jobs/ads-specialist-7th-growth-1635503Lead Generation Executive,BrightHere Services,,"2.4 L -
3 LPA",In Office | Bengaluru,https://unstop.com/jobs/lead-generation-executive-brighthere-services-1635495Customer Service Executive - Voice Process,Sahasya Global Solutions Private Limited,,"2.7 L -
3.2 LPA",In Office | Bangalore Urban,https://unstop.com/jobs/customer-service-executive-voice-process-sahasya-global-solutions-private-limited-1635457International Sales Executive,Thinkcloudly Pvt. Ltd.,,"4.2 L -
6 LPA",In Office | Noida,https://unstop.com/jobs/international-sales-executive-thinkcloudly-pvt-ltd-1635438Webtoon Production Artist,Integral Solutions,,,Remote,https://unstop.com/jobs/webtoon-production-artist-integral-solutions-1635408Customer Service Executive,Varthana Finance Pvt. Ltd.,,"2.5 L -
3.2 LPA",In Office | Bangalore Rural,https://unstop.com/jobs/customer-service-executive-varthana-finance-pvt-ltd-1635205E-Commerce Executive,Gud Luck Foods Pvt. Ltd.,,,In Office | Lucknow,https://unstop.com/jobs/e-commerce-executive-gud-luck-foods-pvt-ltd-1635327Customer Service Associate,Digitide Solutions Limited,,"20 K -
23 K/Month",In Office | Bangalore Urban,https://unstop.com/jobs/customer-service-associate-digitide-solutions-limited-1635296Production Manager,Autocrat Engineers,,,In Office | Bengaluru,https://unstop.com/jobs/production-manager-autocrat-engineers-1635400Back Office Operations Manager,Presume Overseas Education (OPC)Pvt. Ltd.,,,In Office | Indore,https://unstop.com/jobs/back-office-operations-manager-presume-overseas-education-opcpvt-ltd-1635330Relationship Manager,RBD Ventures Pvt Ltd,,"30 K -
50 K/Month",In Office | Bangalore Urban,https://unstop.com/jobs/relationship-manager-rbd-ventures-pvt-ltd-1635289Personal Assistant,ACI Automation Pvt. Ltd.,,,In Office | Chennai,https://unstop.com/jobs/personal-assistant-aci-automation-pvt-ltd-1635332HR Executive,Unibots,,"3 L -
4 LPA",In Office | Delhi,https://unstop.com/jobs/hr-executive-unibots-1635287Key Account Manager,Hulp,,"10 L -
15 LPA",In Office | Gurgaon,https://unstop.com/jobs/key-account-manager-hulp-1634779Project Management Associate,GrowthStudioz,,"2.4 L -
2.64 LPA",In Office | Kolkata,https://unstop.com/jobs/project-management-associate-growthstudioz-1635376Product Engineer- I,Turingedge Technologies private limited,,,In Office | Noida,https://unstop.com/jobs/product-engineer-i-turingedge-technologies-private-limited-1635295Chartered Accountant - Direct Taxation,Bansi S. Mehta & Co.,,"2.5 L -
12 LPA",In Office | Mumbai,https://unstop.com/jobs/chartered-accountant-direct-taxation-bansi-s-mehta-co-1635367Digital Marketing Executive,Purved Innovators,,,In Office | Mumbai,https://unstop.com/jobs/digital-marketing-executive-purved-innovators-1635262IT Sales Executive,Mobicloud Technologies,,20 K/Month,In Office | Pune,https://unstop.com/jobs/it-sales-executive-mobicloud-technologies-1635228Inside Sales Executive,NGBPS Ltd.,,,In Office | Faridabad,https://unstop.com/jobs/inside-sales-executive-ngbps-ltd-1635341Architecture & Interior Designer,Anbre Construction and Interiors,,,In Office | Chennai,https://unstop.com/jobs/architecture-interior-designer-anbre-construction-and-interiors-1635288UI/UX Designer,Niv-Tech Solutions Pvt. Ltd.,,"20 K -
25 K/Month",In Office | Bhubaneswar,https://unstop.com/jobs/uiux-designer-niv-tech-solutions-pvt-ltd-1635322Business Development Executive (BDE),arrow diagnostics llp,,,In Office | Chennai,https://unstop.com/jobs/business-development-executive-bde-arrow-diagnostics-llp-1635285UI / UX Designer,Binazy Pvt Ltd,,"20 K -
45 K/Month",In Office | Lucknow,https://unstop.com/jobs/ui-ux-designer-binazy-pvt-ltd-1635252Sales Executive,Seven Mentor Pvt. Ltd.,,,In Office | Pune,https://unstop.com/jobs/sales-executive-seven-mentor-pvt-ltd-1635243Digital Operations Manager,SIB Infotech,,"25 K -
45 K/Month",In Office | Mumbai,https://unstop.com/jobs/digital-operations-manager-sib-infotech-1635230Sales Manager,The one,,"2.4 L -
5 LPA",On Field | Bengaluru,https://unstop.com/jobs/sales-manager-the-one-1635224E-Commerce Executive,Special You,,"20 K -
25 K/Month","In Office | South Delhi, Delhi",https://unstop.com/jobs/e-commerce-executive-special-you-1635144Business Development Executive,Zoblik Technologies,,2.4 LPA,Remote,https://unstop.com/jobs/business-development-executive-zoblik-technologies-1635231ERP Implementation Executive,Entab Infotech Pvt. Ltd.,,"3 L -
4 LPA",In Office | Delhi,https://unstop.com/jobs/erp-implementation-executive-entab-infotech-pvt-ltd-1635218Annotation Review & Labeling Reviewer,urturn consultancy,,"3.5 L -
4 LPA",In Office | Hyderabad,https://unstop.com/jobs/annotation-review-labeling-reviewer-urturn-consultancy-1635215Python Developer,Infocusp Innovations,,,"In Office | Pune, Ahmedabad",https://unstop.com/jobs/senior-software-engineer-infocusp-innovations-1635150Recruitment & Talent Acquisition Specialist,TSL Consulting Pvt Ltd,,,In Office | Pune,https://unstop.com/jobs/recruitment-talent-acquisition-specialist-tsl-consulting-pvt-ltd-1635107Therapist,TherapyMantra,,"15 K -
30 K/Month",Remote,https://unstop.com/jobs/therapist-therapymantra-1635127Interior Designer,Easymaze HR Services,,2.4 LPA,In Office | Chennai,https://unstop.com/jobs/interior-designer-easymaze-hr-services-1635108Business Development Specialist,TSL Consulting Pvt Ltd,,"2.5 L -
3 LPA",In Office | Pune,https://unstop.com/jobs/business-development-specialist-tsl-consulting-pvt-ltd-1635132Sales executive L-1,NoBroker,,,Remote | Pan India,https://unstop.com/jobs/sales-executive-l-1-nobroker-1635126Social Media Marketing Associate,Idea Elan India Private Limited,,,Remote | Pan India,https://unstop.com/jobs/social-media-marketing-associate-idea-elan-india-private-limited-1635090Accounts and Compliance Executive,Blubridge technologies,,"2.5 L -
5 LPA",In Office | Chennai,https://unstop.com/jobs/accounts-and-compliance-executive-blubridge-technologies-1635068Lead Generation Associate,Cosmic Uplift,,"2.4 L -
3 LPA",In Office | Noida,https://unstop.com/jobs/lead-generation-associate-cosmic-uplift-1635024Embedded Systems Engineer,Deltabotix Private Limited,,,"In Office | Greater Noida, Noida, Gautam Buddha Nagar, Delhi",https://unstop.com/jobs/embedded-systems-engineer-deltabotix-private-limited-1635020Sales Consultant,Urban Company,,,"In Office | Delhi, Bangalore Urban, Bangalore Rural, Hyderabad",https://unstop.com/jobs/sales-consultant-urban-company-1634981Telecaller Executive,EducoHire,,"2.4 L -
3 LPA",In Office | Thane,https://unstop.com/jobs/telecaller-executive-educohire-1634920Junior Business Development Associate,Bhanzu,,,In Office | Bengaluru,https://unstop.com/jobs/junior-business-development-associate-bhanzu-1634820Backend Developer,Eonverse,,9 LPA,Hybrid | Hyderabad,https://unstop.com/jobs/backend-developer-eonverse-1634866Frontend Developer,Eonverse,,6 LPA,Hybrid | Hyderabad,https://unstop.com/jobs/frontend-developer-eonverse-1634859Business Development Executive,Supertrust Homes Private Limited,,5 LPA,In Office | Noida,https://unstop.com/jobs/business-development-executive-supertrust-homes-private-limited-1634826Business Development Executive,Vishwas World Tech Pvt. Ltd.,,2.4 LPA,In Office | Bangalore Urban,https://unstop.com/jobs/business-development-executive-vishwas-world-tech-pvt-ltd-1634823Tender Manager,New Way Electronics,,"2.4 L -
2.64 LPA",In Office | Ahmedabad,https://unstop.com/jobs/tender-manager-new-way-electronics-1634799Sales Consultant,Vision Quest Real Estate Partners LLP,,"20 K -
30 K/Month",In Office | Bengaluru,https://unstop.com/jobs/sales-consultant-vision-quest-real-estate-partners-llp-1634782Business Development Executive,Recruitment Hub 365,,,In Office | Pune,https://unstop.com/jobs/business-development-executive-recruitment-hub-365-1634757Admission Counsellor,UpGrad Abroad,,,In Office | Mumbai,https://unstop.com/jobs/admission-counsellor-upgrad-abroad-1634743Senior Counsellor,Upgrad Education,,"5 L -
7.5 LPA",In Office | Gurgaon,https://unstop.com/jobs/senior-counsellor-upgrad-education-1634736Accounts Executive,Sawalsha Leasing & Finance Pvt. Ltd.,,,In Office | Central Delhi,https://unstop.com/jobs/accounts-executive-sawalsha-leasing-finance-pvt-ltd-1634729Product Analyst,Sectona Technologies,,,In Office | Mumbai,https://unstop.com/jobs/product-analyst-sectona-technologies-1634704Sales Development Representative,Sharpsell Technology Solutions Pvt. Ltd.,,,In Office | Mumbai,https://unstop.com/jobs/sales-development-representative-sharpsell-technology-solutions-pvt-ltd-1634707Executive Assistant,Navata Road Transport,,,In Office | Hyderabad,https://unstop.com/jobs/executive-assistant-navata-road-transport-1634688Loan Officer,IDS Groups,,,In Office | Chennai,https://unstop.com/jobs/loan-officer-ids-groups-1634689Regional Sales Manager,AASE Edex Trips,,"35 K -
50 K/Month","On Field | North Delhi, East Delhi, South Delhi, Noida, West Delhi",https://unstop.com/jobs/regional-sales-manager-aase-edex-trips-1634674Product Engineer,Persist Ventures,,,Remote,https://unstop.com/jobs/product-engineer-persist-ventures-1634185Senior Accountant,Aaum Research and Analytics Private Limited,,"4 L -
5 LPA",In Office | Chennai,https://unstop.com/jobs/senior-accountant-aaum-research-and-analytics-private-limited-1634672Video Editor,Madvision Agency,,20 K/Month,In Office | Chennai,https://unstop.com/jobs/video-editor-madvision-agency-1634668Software Development Engineer,Wikasta Business and Technical Solutions Pvt. Ltd.,,"4.8 L -
8.6 LPA",Remote,https://unstop.com/jobs/software-development-engineer-unstop-tech-fair-2025-wikasta-business-and-technical-solutions-pvt-ltd-1634667Junior Product Engineer,Sharpsell Technology Solutions Pvt. Ltd.,,"6 L -
8 LPA",In Office | Bangalore Urban,https://unstop.com/jobs/junior-product-engineer-sharpsell-technology-solutions-pvt-ltd-1634647EXIM Accounts and Documentation Executive,Matrix Exports,,"20 K -
30 K/Month",In Office | Bengaluru,https://unstop.com/jobs/exim-accounts-and-documentation-executive-matrix-exports-1634561Senior Business Development Executive,Infowind technologies,,,In Office | Indore,https://unstop.com/jobs/senior-business-development-executive-infowind-technologies-1634639Ecommerce and Shopify Account Manager,B C Pharma,,,In Office | Jaipur,https://unstop.com/jobs/shopify-account-manager-b-c-pharma-1634634Executive Assistant,Inspire Global Ventures Pvt. Ltd.,,"40 K -
60 K/Month",Remote,https://unstop.com/jobs/executive-assistant-inspire-global-ventures-pvt-ltd-1634611Area Sales Manager,Tejoo Fashions Pvt. Ltd.,,"2.4 L -
2.5 LPA",In Office | Ludhiana,https://unstop.com/jobs/area-sales-manager-tejoo-fashions-pvt-ltd-1634608Content Writer,Spin On Web,,,In Office | Noida,https://unstop.com/jobs/content-writer-spin-on-web-1634595Associate Data Analyst,Ingram Micro,,"4.9 L -
7.1 LPA","In Office | Mumbai, Bhubaneswar, North Goa, Indore",https://unstop.com/jobs/associate-data-analyst-ingram-micro-1634546Business Development Executive,Talent Integrators (OPC) Private Limited,,"3 L -
3.5 LPA",In Office | New Delhi,https://unstop.com/jobs/business-development-executive-talent-integrators-opc-private-limited-1634577Relationship Manager,No Broker Technologies Private Limited,,2.5 LPA,In Office | Bengaluru,https://unstop.com/jobs/relationship-manager-no-broker-technologies-private-limited-1634593SAP Consultant,Clovio IT Consulting Pvt. Ltd.,,"7 L -
15 LPA",In Office | Mumbai,https://unstop.com/jobs/sap-consultant-clovio-it-consulting-pvt-ltd-1634589SQL Developer,RayMach Technologies,,,In Office | Dehradun,https://unstop.com/jobs/sql-developer-raymach-technologies-1634586Data Entry Operator,J K Biomed,,"20 K -
25 K/Month",In Office | Bengaluru,https://unstop.com/jobs/data-entry-operator-j-k-biomed-1634570Field Sales Executive,SUNBUY Renewables Limited,,"3 L -
5 LPA",On Field | Vadodara,https://unstop.com/jobs/field-sales-executive-sunbuy-renewables-limited-1634571SEO Executive,Biz Emporia Consultancy Pvt. Ltd.,,"2.4 L -
3.5 LPA",In Office | Noida,https://unstop.com/jobs/seo-executive-biz-emporia-consultancy-pvt-ltd-1634547Process Coordinator,Catalys,,,Remote,https://unstop.com/jobs/process-coordinator-catalys-1634543Medical Coding Trainer,App Genesis Soft Solutions Private Limited,,,In Office | Vijayawada,https://unstop.com/jobs/medical-coding-trainer-app-genesis-soft-solutions-private-limited-1634510Business Development Executive (BDE),Policy junction,,20 K/Month,In Office | Ghaziabad,https://unstop.com/jobs/business-development-executive-bde-policy-junction-1634487Business Development Associate,NNIIT,,4 LPA,In Office | Hyderabad,https://unstop.com/jobs/business-development-associate-nniit-1634420Full Stack Developer,Coffee Inc,,,In Office | Chennai,https://unstop.com/jobs/full-stack-developer-coffee-inc-1634311Mobile App Developer,Dream Reflection Media,,,In Office | Noida,https://unstop.com/jobs/mobile-app-developer-dream-reflection-media-1634336Business Development Executive,Nidhivriddhi Financial Advisors LLP,,3 LPA,In Office | Bengaluru,https://unstop.com/jobs/business-development-executive-nidhivriddhi-financial-advisors-llp-1634238Digital Marketing Head,D Marketing Pro,,"5 L -
7 LPA",In Office | Noida,https://unstop.com/jobs/digital-marketing-head-d-marketing-pro-1634296Operations Support Executive,Riverview Finserve,,"3 L -
4.2 LPA",In Office | Pangala,https://unstop.com/jobs/operations-support-executive-riverview-finserve-1634292Business Development Executive,Edzer Education,,"2.4 L -
3 LPA",In Office | New Delhi,https://unstop.com/jobs/business-development-executive-edzer-education-1634293Data Engineer,Whizzdreambig,,"6 L -
8 LPA","Hybrid | Noida, Gurgaon",https://unstop.com/jobs/data-engineer-whizzdreambig-1634288Process Associate,YBS India,,"2.52 L -
3.24 LPA",In Office | Faridabad,https://unstop.com/jobs/process-associate-ybs-india-1634286Business Development Executive,Dataisfuture,,4.8 LPA,Remote,https://unstop.com/jobs/business-development-executive-dataisfuture-1634277Business Development Executive,Product Space,,"5 L -
7.5 LPA",In Office | Bangalore Urban,https://unstop.com/jobs/business-development-executive-product-space-1634253Accounts Executive,Esca Agrovet,,,In Office | West Delhi,https://unstop.com/jobs/accounts-executive-esca-agrovet-1634206Business Development Executive (BDE),Urban Company,,27 K/Month,In Office | Hyderabad,https://unstop.com/jobs/business-development-executive-bde-urban-company-1634141Telesales Associate,Desvikreta Electronics LLP,,"20 K -
25 K/Month",In Office | New Delhi,https://unstop.com/jobs/telesales-associate-desvikreta-electronics-llp-1634195Business Development Executive,Biz Emporia Consultancy Pvt. Ltd.,,2.5 LPA,In Office | Noida,https://unstop.com/jobs/business-development-executive-biz-emporia-consultancy-pvt-ltd-1634108Business Operations Team Lead,SkipperX,,,In Office | Bengaluru,https://unstop.com/jobs/business-operations-team-lead-skipperx-1634251Process Coordinator,Seawave Forwarding and Logistics Pvt Ltd,,"25 K -
35 K/Month",In Office | Navi Mumbai,https://unstop.com/jobs/process-coordinator-seawave-forwarding-and-logistics-pvt-ltd-1634090Data Analytics & AI Manager,Justdial,,"10 L -
18 LPA",In Office | Mumbai,https://unstop.com/jobs/data-analytics-ai-manager-justdial-1634219Human Resource Manager,MARKS MEDIA COMMUNICATION,,,In Office | Hyderabad,https://unstop.com/jobs/human-resource-manager-marks-media-communication-1634216Field Sales Executive,Arthimpact Digital Loans,,,On Field | Delhi,https://unstop.com/jobs/field-sales-executive-arthimpact-digital-loans-1634197Demand Generation Analyst,Mssquare techonologies,,"20 K -
30 K/Month",In Office | Hyderabad,https://unstop.com/jobs/demand-generation-analyst-mssquare-techonologies-1634192Business Development Executive,SCG Career Pvt. Ltd.,,"3 L -
3.6 LPA","In Office | Bangalore Urban, Srinagar",https://unstop.com/jobs/business-development-executive-scg-career-pvt-ltd-1634191Field Sales Executive,purbi creative homes,,2.4 LPA,On Field | Bhubaneswar,https://unstop.com/jobs/field-sales-executive-purbi-creative-homes-1634118UK Voice & Chat Process Associate,AIMLED Solutions,,"3.4 L -
4.5 LPA",In Office | Hyderabad,https://unstop.com/jobs/uk-voice-chat-process-associate-aimled-solutions-1634097AI/ML Development Technical Lead,iCube Logics,,,In Office | Hyderabad,https://unstop.com/jobs/aiml-development-technical-lead-icube-logics-1634112IIoT Development Lead,iCube Logics,,,In Office | Hyderabad,https://unstop.com/jobs/iiot-development-lead-icube-logics-1634116Direct Sales Executive,Bayard Vacations,,30 K/Month,In Office | Bangalore Urban,https://unstop.com/jobs/direct-sales-executive-bayard-vacations-1634128ML Engineer,MND Technologies LLC,,,Remote | Pan India,https://unstop.com/jobs/ml-engineer-mnd-technologies-llc-1634143HR Recruiter,Supreeme360 Hirez,,"20 K -
22 K/Month",In Office | Hyderabad,https://unstop.com/jobs/hr-recruiter-supreeme360-hirez-1634098Content Creation Writer,Hammerhead Global pvt ltd,,40 K/Month,In Office | Bengaluru,https://unstop.com/jobs/content-creation-writer-hammerhead-global-pvt-ltd-1634060Sr Executive-Accounts & Finance,Athena Consultants,,5 LPA,In Office | Mumbai,https://unstop.com/jobs/sr-executive-accounts-finance-athena-consultants-1634055Accounts Executive,Seawave Forwarding and Logistics Pvt Ltd,,"20 K -
30 K/Month",In Office | Navi Mumbai,https://unstop.com/jobs/accounts-executive-seawave-forwarding-and-logistics-pvt-ltd-1634025Business Development Executive- I,ProRelix Research,,"22 K -
26 K/Month",In Office | Pune,https://unstop.com/jobs/business-development-executive-i-prorelix-research-1634014Preschool & Primary Teacher,Prime counsel solutions prime counsel solutions,,,In Office | Chennai,https://unstop.com/jobs/preschool-primary-teacher-prime-counsel-solutions-prime-counsel-solutions-1634032Management Trainee,Nippon Data Systems Ltd,,,In Office | Noida,https://unstop.com/jobs/management-trainee-nippon-data-systems-ltd-1634016International Telesales Executive,Pravishree Design Co.,,,In Office | Visakhapatnam,https://unstop.com/jobs/international-telesales-executive-pravishree-design-co-1633978Marketing Manager - Entertainment,Stars N Celebs,,"3 L -
5.4 LPA",Hybrid | Mumbai,https://unstop.com/jobs/marketing-manager-entertainment-stars-n-celebs-1633753Central Sales Associate,NoBrokerHood,,4 LPA,In Office | Bengaluru,https://unstop.com/jobs/central-sales-associate-nobrokerhood-1633691Inside Sales Executive,NoBroker,,22 K/Month,"In Office | Bangalore Urban, Bangalore Rural",https://unstop.com/jobs/inside-sales-executive-nobroker-1633675Software Development Engineer,Flightindeed,,"20 K -
50 K/Month",Hybrid | South Delhi,https://unstop.com/jobs/software-development-engineer-flightindeed-1633572Full-Stack Web Developer,TBD Escholars Books Development PVT LTD,,"30 K -
35 K/Month",In Office | Delhi,https://unstop.com/jobs/full-stack-web-developer-tbd-escholars-books-development-pvt-ltd-1633204Sales Coordinator / Tele Caller,Equity Planners,,,In Office | Noida,https://unstop.com/jobs/sales-coordinator-tele-caller-equity-planners-1633200eCommerce Operations Manager,TBD Escholars Books Development PVT LTD,,"20 K -
22 K/Month",In Office | Delhi,https://unstop.com/jobs/ecommerce-operations-manager-tbd-escholars-books-development-pvt-ltd-1633129Academic Counselor,Learning Routes Private Limited,,"3.42 L -
4 LPA","In Office | Mumbai, Bangalore Urban, Noida",https://unstop.com/jobs/academic-counselor-learning-routes-private-limited-1633147Customer Service Representative,Winntus Formwork Pvt Ltd,,"20 K -
25 K/Month",In Office | Hyderabad,https://unstop.com/jobs/customer-service-representative-winntus-formwork-pvt-ltd-1633161US Recruiter,Gigin technologies private limited,,4 LPA,In Office | Bangalore Urban,https://unstop.com/jobs/us-recruiter-gigin-technologies-private-limited-1633145Performance Marketer,MSKARD Business Solutions,,,"Hybrid | Noida, Greater Noida, Delhi, Ghaziabad, Gurgaon",https://unstop.com/jobs/performance-marketer-mskard-business-solutions-1633113Real Estate Sales Manager,AIS Developer LLP,,6 LPA,In Office | Lucknow,https://unstop.com/jobs/real-estate-sales-manager-ais-developer-llp-1633075AI Marketing Manager,Peppyduck Ventures LLP,,6 LPA,Remote,https://unstop.com/jobs/ai-marketing-manager-peppyduck-ventures-llp-1633086Customer Service Representative,Altruist Technologies Private Limited,,,In Office | Navi Mumbai,https://unstop.com/jobs/customer-service-representative-altruist-technologies-private-limited-1633082Team Leader,Kotak Mahindra Life Insurance,,"2.4 L -
3.6 LPA",In Office | Kolkata,https://unstop.com/jobs/team-leader-kotak-mahindra-life-insurance-1633042BD / Pre Sales Associate,Mawsul Reltech Pvt.Ltd,,,"In Office | Pune, Pimpri-Chinchwad",https://unstop.com/jobs/bd-pre-sales-associate-mawsul-reltech-pvtltd-1633052Cloud Engineer,Rapid Systemz,,,Remote,https://unstop.com/jobs/cloud-engineer-rapid-systemz-1633034Civil Engineer,Hi-Tech Air Systems,,"2.4 L -
5.4 LPA",In Office | Bhubaneswar,https://unstop.com/jobs/civil-engineer-hi-tech-air-systems-1633017Branch Sales Executive,Hi-Tech Air Systems,,3 LPA,In Office | Bhubaneswar,https://unstop.com/jobs/branch-sales-executive-hi-tech-air-systems-1632523Customer Support Representative,Career Krafts,,2.4 LPA,In Office | Bangalore Urban,https://unstop.com/jobs/customer-support-representative-career-krafts-1633024Business Development Executive,dealsdray,,"2.4 L -
5 LPA",In Office | Gurgaon,https://unstop.com/jobs/business-development-executive-dealsdray-1633004Network (Support) Engineer,Care Infotech,,"20 K -
25 K/Month","On Field | Pune, Hyderabad",https://unstop.com/jobs/network-support-engineer-care-infotech-1633007Spoken English Teacher,Jobsin-360 Private Limited,,"20 K -
25 K/Month",In Office | Bagalkot,https://unstop.com/jobs/spoken-english-teacher-jobsin-360-private-limited-1632992Tender Executive,EliteMHE Industry Pvt. Ltd.,,,"In Office | Anand, Vadodara, Vallabh Vidyanagar, Petlad",https://unstop.com/jobs/tender-executive-elitemhe-industry-pvt-ltd-1632995
